logical_x	logical_y	runtime_x0	runtime_y0	runtime_x1	runtime_y1	expected_rgba	actual_origin_rgba	uniform	mismatch_pixels
0	0	0	0	7	7	#00000000	#00000000	true	0
1	0	8	0	15	7	#00000000	#00000000	true	0
2	0	16	0	23	7	#00000000	#00000000	true	0
3	0	24	0	31	7	#00000000	#00000000	true	0
4	0	32	0	39	7	#00000000	#00000000	true	0
5	0	40	0	47	7	#00000000	#00000000	true	0
6	0	48	0	55	7	#00000000	#00000000	true	0
7	0	56	0	63	7	#00000000	#00000000	true	0
8	0	64	0	71	7	#00000000	#00000000	true	0
9	0	72	0	79	7	#00000000	#00000000	true	0
10	0	80	0	87	7	#00000000	#00000000	true	0
11	0	88	0	95	7	#00000000	#00000000	true	0
12	0	96	0	103	7	#00000000	#00000000	true	0
13	0	104	0	111	7	#00000000	#00000000	true	0
14	0	112	0	119	7	#00000000	#00000000	true	0
15	0	120	0	127	7	#00000000	#00000000	true	0
16	0	128	0	135	7	#00000000	#00000000	true	0
17	0	136	0	143	7	#00000000	#00000000	true	0
18	0	144	0	151	7	#00000000	#00000000	true	0
19	0	152	0	159	7	#00000000	#00000000	true	0
20	0	160	0	167	7	#00000000	#00000000	true	0
21	0	168	0	175	7	#00000000	#00000000	true	0
22	0	176	0	183	7	#00000000	#00000000	true	0
23	0	184	0	191	7	#00000000	#00000000	true	0
0	1	0	8	7	15	#00000000	#00000000	true	0
1	1	8	8	15	15	#00000000	#00000000	true	0
2	1	16	8	23	15	#00000000	#00000000	true	0
3	1	24	8	31	15	#00000000	#00000000	true	0
4	1	32	8	39	15	#00000000	#00000000	true	0
5	1	40	8	47	15	#00000000	#00000000	true	0
6	1	48	8	55	15	#00000000	#00000000	true	0
7	1	56	8	63	15	#00000000	#00000000	true	0
8	1	64	8	71	15	#00000000	#00000000	true	0
9	1	72	8	79	15	#00000000	#00000000	true	0
10	1	80	8	87	15	#00000000	#00000000	true	0
11	1	88	8	95	15	#00000000	#00000000	true	0
12	1	96	8	103	15	#00000000	#00000000	true	0
13	1	104	8	111	15	#00000000	#00000000	true	0
14	1	112	8	119	15	#2A3340FF	#2A3340FF	true	0
15	1	120	8	127	15	#2A3340FF	#2A3340FF	true	0
16	1	128	8	135	15	#2A3340FF	#2A3340FF	true	0
17	1	136	8	143	15	#00000000	#00000000	true	0
18	1	144	8	151	15	#00000000	#00000000	true	0
19	1	152	8	159	15	#00000000	#00000000	true	0
20	1	160	8	167	15	#2A3340FF	#2A3340FF	true	0
21	1	168	8	175	15	#2A3340FF	#2A3340FF	true	0
22	1	176	8	183	15	#00000000	#00000000	true	0
23	1	184	8	191	15	#00000000	#00000000	true	0
0	2	0	16	7	23	#00000000	#00000000	true	0
1	2	8	16	15	23	#00000000	#00000000	true	0
2	2	16	16	23	23	#00000000	#00000000	true	0
3	2	24	16	31	23	#00000000	#00000000	true	0
4	2	32	16	39	23	#00000000	#00000000	true	0
5	2	40	16	47	23	#00000000	#00000000	true	0
6	2	48	16	55	23	#00000000	#00000000	true	0
7	2	56	16	63	23	#00000000	#00000000	true	0
8	2	64	16	71	23	#00000000	#00000000	true	0
9	2	72	16	79	23	#00000000	#00000000	true	0
10	2	80	16	87	23	#00000000	#00000000	true	0
11	2	88	16	95	23	#00000000	#00000000	true	0
12	2	96	16	103	23	#00000000	#00000000	true	0
13	2	104	16	111	23	#2A3340FF	#2A3340FF	true	0
14	2	112	16	119	23	#2A3340FF	#2A3340FF	true	0
15	2	120	16	127	23	#F4F2E8FF	#F4F2E8FF	true	0
16	2	128	16	135	23	#2A3340FF	#2A3340FF	true	0
17	2	136	16	143	23	#00000000	#00000000	true	0
18	2	144	16	151	23	#00000000	#00000000	true	0
19	2	152	16	159	23	#2A3340FF	#2A3340FF	true	0
20	2	160	16	167	23	#F4F2E8FF	#F4F2E8FF	true	0
21	2	168	16	175	23	#2A3340FF	#2A3340FF	true	0
22	2	176	16	183	23	#00000000	#00000000	true	0
23	2	184	16	191	23	#00000000	#00000000	true	0
0	3	0	24	7	31	#00000000	#00000000	true	0
1	3	8	24	15	31	#00000000	#00000000	true	0
2	3	16	24	23	31	#00000000	#00000000	true	0
3	3	24	24	31	31	#00000000	#00000000	true	0
4	3	32	24	39	31	#00000000	#00000000	true	0
5	3	40	24	47	31	#00000000	#00000000	true	0
6	3	48	24	55	31	#00000000	#00000000	true	0
7	3	56	24	63	31	#00000000	#00000000	true	0
8	3	64	24	71	31	#00000000	#00000000	true	0
9	3	72	24	79	31	#00000000	#00000000	true	0
10	3	80	24	87	31	#00000000	#00000000	true	0
11	3	88	24	95	31	#00000000	#00000000	true	0
12	3	96	24	103	31	#00000000	#00000000	true	0
13	3	104	24	111	31	#2A3340FF	#2A3340FF	true	0
14	3	112	24	119	31	#F4F2E8FF	#F4F2E8FF	true	0
15	3	120	24	127	31	#F4F2E8FF	#F4F2E8FF	true	0
16	3	128	24	135	31	#F4F2E8FF	#F4F2E8FF	true	0
17	3	136	24	143	31	#2A3340FF	#2A3340FF	true	0
18	3	144	24	151	31	#00000000	#00000000	true	0
19	3	152	24	159	31	#CDD2D8FF	#CDD2D8FF	true	0
20	3	160	24	167	31	#F4F2E8FF	#F4F2E8FF	true	0
21	3	168	24	175	31	#2A3340FF	#2A3340FF	true	0
22	3	176	24	183	31	#00000000	#00000000	true	0
23	3	184	24	191	31	#00000000	#00000000	true	0
0	4	0	32	7	39	#00000000	#00000000	true	0
1	4	8	32	15	39	#00000000	#00000000	true	0
2	4	16	32	23	39	#00000000	#00000000	true	0
3	4	24	32	31	39	#00000000	#00000000	true	0
4	4	32	32	39	39	#00000000	#00000000	true	0
5	4	40	32	47	39	#00000000	#00000000	true	0
6	4	48	32	55	39	#00000000	#00000000	true	0
7	4	56	32	63	39	#00000000	#00000000	true	0
8	4	64	32	71	39	#00000000	#00000000	true	0
9	4	72	32	79	39	#00000000	#00000000	true	0
10	4	80	32	87	39	#00000000	#00000000	true	0
11	4	88	32	95	39	#00000000	#00000000	true	0
12	4	96	32	103	39	#00000000	#00000000	true	0
13	4	104	32	111	39	#2A3340FF	#2A3340FF	true	0
14	4	112	32	119	39	#F4F2E8FF	#F4F2E8FF	true	0
15	4	120	32	127	39	#F4F2E8FF	#F4F2E8FF	true	0
16	4	128	32	135	39	#F4F2E8FF	#F4F2E8FF	true	0
17	4	136	32	143	39	#2A3340FF	#2A3340FF	true	0
18	4	144	32	151	39	#2A3340FF	#2A3340FF	true	0
19	4	152	32	159	39	#F4F2E8FF	#F4F2E8FF	true	0
20	4	160	32	167	39	#F4F2E8FF	#F4F2E8FF	true	0
21	4	168	32	175	39	#2A3340FF	#2A3340FF	true	0
22	4	176	32	183	39	#00000000	#00000000	true	0
23	4	184	32	191	39	#00000000	#00000000	true	0
0	5	0	40	7	47	#00000000	#00000000	true	0
1	5	8	40	15	47	#00000000	#00000000	true	0
2	5	16	40	23	47	#00000000	#00000000	true	0
3	5	24	40	31	47	#00000000	#00000000	true	0
4	5	32	40	39	47	#00000000	#00000000	true	0
5	5	40	40	47	47	#00000000	#00000000	true	0
6	5	48	40	55	47	#00000000	#00000000	true	0
7	5	56	40	63	47	#00000000	#00000000	true	0
8	5	64	40	71	47	#00000000	#00000000	true	0
9	5	72	40	79	47	#00000000	#00000000	true	0
10	5	80	40	87	47	#00000000	#00000000	true	0
11	5	88	40	95	47	#00000000	#00000000	true	0
12	5	96	40	103	47	#2A3340FF	#2A3340FF	true	0
13	5	104	40	111	47	#F4F2E8FF	#F4F2E8FF	true	0
14	5	112	40	119	47	#F4F2E8FF	#F4F2E8FF	true	0
15	5	120	40	127	47	#F4F2E8FF	#F4F2E8FF	true	0
16	5	128	40	135	47	#F4F2E8FF	#F4F2E8FF	true	0
17	5	136	40	143	47	#F4F2E8FF	#F4F2E8FF	true	0
18	5	144	40	151	47	#F4F2E8FF	#F4F2E8FF	true	0
19	5	152	40	159	47	#F4F2E8FF	#F4F2E8FF	true	0
20	5	160	40	167	47	#F4F2E8FF	#F4F2E8FF	true	0
21	5	168	40	175	47	#2A3340FF	#2A3340FF	true	0
22	5	176	40	183	47	#2A3340FF	#2A3340FF	true	0
23	5	184	40	191	47	#00000000	#00000000	true	0
0	6	0	48	7	55	#00000000	#00000000	true	0
1	6	8	48	15	55	#00000000	#00000000	true	0
2	6	16	48	23	55	#00000000	#00000000	true	0
3	6	24	48	31	55	#00000000	#00000000	true	0
4	6	32	48	39	55	#00000000	#00000000	true	0
5	6	40	48	47	55	#00000000	#00000000	true	0
6	6	48	48	55	55	#00000000	#00000000	true	0
7	6	56	48	63	55	#00000000	#00000000	true	0
8	6	64	48	71	55	#00000000	#00000000	true	0
9	6	72	48	79	55	#00000000	#00000000	true	0
10	6	80	48	87	55	#00000000	#00000000	true	0
11	6	88	48	95	55	#00000000	#00000000	true	0
12	6	96	48	103	55	#2A3340FF	#2A3340FF	true	0
13	6	104	48	111	55	#F4F2E8FF	#F4F2E8FF	true	0
14	6	112	48	119	55	#F4F2E8FF	#F4F2E8FF	true	0
15	6	120	48	127	55	#F4F2E8FF	#F4F2E8FF	true	0
16	6	128	48	135	55	#F4F2E8FF	#F4F2E8FF	true	0
17	6	136	48	143	55	#F4F2E8FF	#F4F2E8FF	true	0
18	6	144	48	151	55	#F4F2E8FF	#F4F2E8FF	true	0
19	6	152	48	159	55	#F4F2E8FF	#F4F2E8FF	true	0
20	6	160	48	167	55	#F4F2E8FF	#F4F2E8FF	true	0
21	6	168	48	175	55	#F4F2E8FF	#F4F2E8FF	true	0
22	6	176	48	183	55	#2A3340FF	#2A3340FF	true	0
23	6	184	48	191	55	#2A3340FF	#2A3340FF	true	0
0	7	0	56	7	63	#00000000	#00000000	true	0
1	7	8	56	15	63	#00000000	#00000000	true	0
2	7	16	56	23	63	#00000000	#00000000	true	0
3	7	24	56	31	63	#00000000	#00000000	true	0
4	7	32	56	39	63	#00000000	#00000000	true	0
5	7	40	56	47	63	#00000000	#00000000	true	0
6	7	48	56	55	63	#00000000	#00000000	true	0
7	7	56	56	63	63	#00000000	#00000000	true	0
8	7	64	56	71	63	#00000000	#00000000	true	0
9	7	72	56	79	63	#00000000	#00000000	true	0
10	7	80	56	87	63	#00000000	#00000000	true	0
11	7	88	56	95	63	#2A3340FF	#2A3340FF	true	0
12	7	96	56	103	63	#F4F2E8FF	#F4F2E8FF	true	0
13	7	104	56	111	63	#F4F2E8FF	#F4F2E8FF	true	0
14	7	112	56	119	63	#F4F2E8FF	#F4F2E8FF	true	0
15	7	120	56	127	63	#F4F2E8FF	#F4F2E8FF	true	0
16	7	128	56	135	63	#F4F2E8FF	#F4F2E8FF	true	0
17	7	136	56	143	63	#F4F2E8FF	#F4F2E8FF	true	0
18	7	144	56	151	63	#F4F2E8FF	#F4F2E8FF	true	0
19	7	152	56	159	63	#F4F2E8FF	#F4F2E8FF	true	0
20	7	160	56	167	63	#F4F2E8FF	#F4F2E8FF	true	0
21	7	168	56	175	63	#F4F2E8FF	#F4F2E8FF	true	0
22	7	176	56	183	63	#F4F2E8FF	#F4F2E8FF	true	0
23	7	184	56	191	63	#CDD2D8FF	#CDD2D8FF	true	0
0	8	0	64	7	71	#00000000	#00000000	true	0
1	8	8	64	15	71	#00000000	#00000000	true	0
2	8	16	64	23	71	#00000000	#00000000	true	0
3	8	24	64	31	71	#00000000	#00000000	true	0
4	8	32	64	39	71	#00000000	#00000000	true	0
5	8	40	64	47	71	#00000000	#00000000	true	0
6	8	48	64	55	71	#00000000	#00000000	true	0
7	8	56	64	63	71	#00000000	#00000000	true	0
8	8	64	64	71	71	#00000000	#00000000	true	0
9	8	72	64	79	71	#00000000	#00000000	true	0
10	8	80	64	87	71	#00000000	#00000000	true	0
11	8	88	64	95	71	#2A3340FF	#2A3340FF	true	0
12	8	96	64	103	71	#F4F2E8FF	#F4F2E8FF	true	0
13	8	104	64	111	71	#F4F2E8FF	#F4F2E8FF	true	0
14	8	112	64	119	71	#F4F2E8FF	#F4F2E8FF	true	0
15	8	120	64	127	71	#F4F2E8FF	#F4F2E8FF	true	0
16	8	128	64	135	71	#F4F2E8FF	#F4F2E8FF	true	0
17	8	136	64	143	71	#F4F2E8FF	#F4F2E8FF	true	0
18	8	144	64	151	71	#F4F2E8FF	#F4F2E8FF	true	0
19	8	152	64	159	71	#86D7A8FF	#86D7A8FF	true	0
20	8	160	64	167	71	#86D7A8FF	#86D7A8FF	true	0
21	8	168	64	175	71	#F4F2E8FF	#F4F2E8FF	true	0
22	8	176	64	183	71	#F4F2E8FF	#F4F2E8FF	true	0
23	8	184	64	191	71	#F4F2E8FF	#F4F2E8FF	true	0
0	9	0	72	7	79	#00000000	#00000000	true	0
1	9	8	72	15	79	#00000000	#00000000	true	0
2	9	16	72	23	79	#00000000	#00000000	true	0
3	9	24	72	31	79	#00000000	#00000000	true	0
4	9	32	72	39	79	#00000000	#00000000	true	0
5	9	40	72	47	79	#00000000	#00000000	true	0
6	9	48	72	55	79	#00000000	#00000000	true	0
7	9	56	72	63	79	#00000000	#00000000	true	0
8	9	64	72	71	79	#00000000	#00000000	true	0
9	9	72	72	79	79	#00000000	#00000000	true	0
10	9	80	72	87	79	#00000000	#00000000	true	0
11	9	88	72	95	79	#2A3340FF	#2A3340FF	true	0
12	9	96	72	103	79	#F4F2E8FF	#F4F2E8FF	true	0
13	9	104	72	111	79	#F4F2E8FF	#F4F2E8FF	true	0
14	9	112	72	119	79	#F4F2E8FF	#F4F2E8FF	true	0
15	9	120	72	127	79	#F4F2E8FF	#F4F2E8FF	true	0
16	9	128	72	135	79	#F4F2E8FF	#F4F2E8FF	true	0
17	9	136	72	143	79	#F4F2E8FF	#F4F2E8FF	true	0
18	9	144	72	151	79	#F4F2E8FF	#F4F2E8FF	true	0
19	9	152	72	159	79	#86D7A8FF	#86D7A8FF	true	0
20	9	160	72	167	79	#86D7A8FF	#86D7A8FF	true	0
21	9	168	72	175	79	#F4F2E8FF	#F4F2E8FF	true	0
22	9	176	72	183	79	#F4F2E8FF	#F4F2E8FF	true	0
23	9	184	72	191	79	#F4F2E8FF	#F4F2E8FF	true	0
0	10	0	80	7	87	#00000000	#00000000	true	0
1	10	8	80	15	87	#00000000	#00000000	true	0
2	10	16	80	23	87	#00000000	#00000000	true	0
3	10	24	80	31	87	#00000000	#00000000	true	0
4	10	32	80	39	87	#00000000	#00000000	true	0
5	10	40	80	47	87	#00000000	#00000000	true	0
6	10	48	80	55	87	#00000000	#00000000	true	0
7	10	56	80	63	87	#00000000	#00000000	true	0
8	10	64	80	71	87	#00000000	#00000000	true	0
9	10	72	80	79	87	#00000000	#00000000	true	0
10	10	80	80	87	87	#00000000	#00000000	true	0
11	10	88	80	95	87	#2A3340FF	#2A3340FF	true	0
12	10	96	80	103	87	#F4F2E8FF	#F4F2E8FF	true	0
13	10	104	80	111	87	#F4F2E8FF	#F4F2E8FF	true	0
14	10	112	80	119	87	#F4F2E8FF	#F4F2E8FF	true	0
15	10	120	80	127	87	#F4F2E8FF	#F4F2E8FF	true	0
16	10	128	80	135	87	#F4F2E8FF	#F4F2E8FF	true	0
17	10	136	80	143	87	#F4F2E8FF	#F4F2E8FF	true	0
18	10	144	80	151	87	#F4F2E8FF	#F4F2E8FF	true	0
19	10	152	80	159	87	#F4F2E8FF	#F4F2E8FF	true	0
20	10	160	80	167	87	#F4F2E8FF	#F4F2E8FF	true	0
21	10	168	80	175	87	#F4F2E8FF	#F4F2E8FF	true	0
22	10	176	80	183	87	#F4F2E8FF	#F4F2E8FF	true	0
23	10	184	80	191	87	#F4F2E8FF	#F4F2E8FF	true	0
0	11	0	88	7	95	#00000000	#00000000	true	0
1	11	8	88	15	95	#00000000	#00000000	true	0
2	11	16	88	23	95	#00000000	#00000000	true	0
3	11	24	88	31	95	#00000000	#00000000	true	0
4	11	32	88	39	95	#00000000	#00000000	true	0
5	11	40	88	47	95	#00000000	#00000000	true	0
6	11	48	88	55	95	#00000000	#00000000	true	0
7	11	56	88	63	95	#00000000	#00000000	true	0
8	11	64	88	71	95	#00000000	#00000000	true	0
9	11	72	88	79	95	#00000000	#00000000	true	0
10	11	80	88	87	95	#2A3340FF	#2A3340FF	true	0
11	11	88	88	95	95	#F4F2E8FF	#F4F2E8FF	true	0
12	11	96	88	103	95	#F4F2E8FF	#F4F2E8FF	true	0
13	11	104	88	111	95	#F4F2E8FF	#F4F2E8FF	true	0
14	11	112	88	119	95	#F4F2E8FF	#F4F2E8FF	true	0
15	11	120	88	127	95	#F4F2E8FF	#F4F2E8FF	true	0
16	11	128	88	135	95	#F4F2E8FF	#F4F2E8FF	true	0
17	11	136	88	143	95	#F4F2E8FF	#F4F2E8FF	true	0
18	11	144	88	151	95	#F4F2E8FF	#F4F2E8FF	true	0
19	11	152	88	159	95	#F4F2E8FF	#F4F2E8FF	true	0
20	11	160	88	167	95	#F4F2E8FF	#F4F2E8FF	true	0
21	11	168	88	175	95	#F4F2E8FF	#F4F2E8FF	true	0
22	11	176	88	183	95	#F4F2E8FF	#F4F2E8FF	true	0
23	11	184	88	191	95	#F4F2E8FF	#F4F2E8FF	true	0
0	12	0	96	7	103	#00000000	#00000000	true	0
1	12	8	96	15	103	#00000000	#00000000	true	0
2	12	16	96	23	103	#00000000	#00000000	true	0
3	12	24	96	31	103	#00000000	#00000000	true	0
4	12	32	96	39	103	#00000000	#00000000	true	0
5	12	40	96	47	103	#00000000	#00000000	true	0
6	12	48	96	55	103	#00000000	#00000000	true	0
7	12	56	96	63	103	#00000000	#00000000	true	0
8	12	64	96	71	103	#00000000	#00000000	true	0
9	12	72	96	79	103	#00000000	#00000000	true	0
10	12	80	96	87	103	#2A3340FF	#2A3340FF	true	0
11	12	88	96	95	103	#F4F2E8FF	#F4F2E8FF	true	0
12	12	96	96	103	103	#F4F2E8FF	#F4F2E8FF	true	0
13	12	104	96	111	103	#F4F2E8FF	#F4F2E8FF	true	0
14	12	112	96	119	103	#F4F2E8FF	#F4F2E8FF	true	0
15	12	120	96	127	103	#F4F2E8FF	#F4F2E8FF	true	0
16	12	128	96	135	103	#F4F2E8FF	#F4F2E8FF	true	0
17	12	136	96	143	103	#F4F2E8FF	#F4F2E8FF	true	0
18	12	144	96	151	103	#F4F2E8FF	#F4F2E8FF	true	0
19	12	152	96	159	103	#F4F2E8FF	#F4F2E8FF	true	0
20	12	160	96	167	103	#F4F2E8FF	#F4F2E8FF	true	0
21	12	168	96	175	103	#F4F2E8FF	#F4F2E8FF	true	0
22	12	176	96	183	103	#F4F2E8FF	#F4F2E8FF	true	0
23	12	184	96	191	103	#2A3340FF	#2A3340FF	true	0
0	13	0	104	7	111	#00000000	#00000000	true	0
1	13	8	104	15	111	#00000000	#00000000	true	0
2	13	16	104	23	111	#00000000	#00000000	true	0
3	13	24	104	31	111	#00000000	#00000000	true	0
4	13	32	104	39	111	#00000000	#00000000	true	0
5	13	40	104	47	111	#00000000	#00000000	true	0
6	13	48	104	55	111	#00000000	#00000000	true	0
7	13	56	104	63	111	#00000000	#00000000	true	0
8	13	64	104	71	111	#00000000	#00000000	true	0
9	13	72	104	79	111	#2A3340FF	#2A3340FF	true	0
10	13	80	104	87	111	#F4F2E8FF	#F4F2E8FF	true	0
11	13	88	104	95	111	#F4F2E8FF	#F4F2E8FF	true	0
12	13	96	104	103	111	#F4F2E8FF	#F4F2E8FF	true	0
13	13	104	104	111	111	#F4F2E8FF	#F4F2E8FF	true	0
14	13	112	104	119	111	#F4F2E8FF	#F4F2E8FF	true	0
15	13	120	104	127	111	#F4F2E8FF	#F4F2E8FF	true	0
16	13	128	104	135	111	#F4F2E8FF	#F4F2E8FF	true	0
17	13	136	104	143	111	#F4F2E8FF	#F4F2E8FF	true	0
18	13	144	104	151	111	#F4F2E8FF	#F4F2E8FF	true	0
19	13	152	104	159	111	#F4F2E8FF	#F4F2E8FF	true	0
20	13	160	104	167	111	#F4F2E8FF	#F4F2E8FF	true	0
21	13	168	104	175	111	#F4F2E8FF	#F4F2E8FF	true	0
22	13	176	104	183	111	#2A3340FF	#2A3340FF	true	0
23	13	184	104	191	111	#00000000	#00000000	true	0
0	14	0	112	7	119	#00000000	#00000000	true	0
1	14	8	112	15	119	#00000000	#00000000	true	0
2	14	16	112	23	119	#00000000	#00000000	true	0
3	14	24	112	31	119	#00000000	#00000000	true	0
4	14	32	112	39	119	#00000000	#00000000	true	0
5	14	40	112	47	119	#00000000	#00000000	true	0
6	14	48	112	55	119	#00000000	#00000000	true	0
7	14	56	112	63	119	#2A3340FF	#2A3340FF	true	0
8	14	64	112	71	119	#2A3340FF	#2A3340FF	true	0
9	14	72	112	79	119	#CDD2D8FF	#CDD2D8FF	true	0
10	14	80	112	87	119	#F4F2E8FF	#F4F2E8FF	true	0
11	14	88	112	95	119	#F4F2E8FF	#F4F2E8FF	true	0
12	14	96	112	103	119	#F4F2E8FF	#F4F2E8FF	true	0
13	14	104	112	111	119	#F4F2E8FF	#F4F2E8FF	true	0
14	14	112	112	119	119	#F4F2E8FF	#F4F2E8FF	true	0
15	14	120	112	127	119	#F4F2E8FF	#F4F2E8FF	true	0
16	14	128	112	135	119	#F4F2E8FF	#F4F2E8FF	true	0
17	14	136	112	143	119	#F4F2E8FF	#F4F2E8FF	true	0
18	14	144	112	151	119	#F4F2E8FF	#F4F2E8FF	true	0
19	14	152	112	159	119	#2A3340FF	#2A3340FF	true	0
20	14	160	112	167	119	#2A3340FF	#2A3340FF	true	0
21	14	168	112	175	119	#00000000	#00000000	true	0
22	14	176	112	183	119	#00000000	#00000000	true	0
23	14	184	112	191	119	#00000000	#00000000	true	0
0	15	0	120	7	127	#00000000	#00000000	true	0
1	15	8	120	15	127	#00000000	#00000000	true	0
2	15	16	120	23	127	#00000000	#00000000	true	0
3	15	24	120	31	127	#00000000	#00000000	true	0
4	15	32	120	39	127	#00000000	#00000000	true	0
5	15	40	120	47	127	#00000000	#00000000	true	0
6	15	48	120	55	127	#00000000	#00000000	true	0
7	15	56	120	63	127	#CDD2D8FF	#CDD2D8FF	true	0
8	15	64	120	71	127	#F4F2E8FF	#F4F2E8FF	true	0
9	15	72	120	79	127	#F4F2E8FF	#F4F2E8FF	true	0
10	15	80	120	87	127	#F4F2E8FF	#F4F2E8FF	true	0
11	15	88	120	95	127	#F4F2E8FF	#F4F2E8FF	true	0
12	15	96	120	103	127	#F4F2E8FF	#F4F2E8FF	true	0
13	15	104	120	111	127	#F4F2E8FF	#F4F2E8FF	true	0
14	15	112	120	119	127	#F4F2E8FF	#F4F2E8FF	true	0
15	15	120	120	127	127	#F4F2E8FF	#F4F2E8FF	true	0
16	15	128	120	135	127	#F4F2E8FF	#F4F2E8FF	true	0
17	15	136	120	143	127	#F4F2E8FF	#F4F2E8FF	true	0
18	15	144	120	151	127	#CDD2D8FF	#CDD2D8FF	true	0
19	15	152	120	159	127	#2A3340FF	#2A3340FF	true	0
20	15	160	120	167	127	#00000000	#00000000	true	0
21	15	168	120	175	127	#00000000	#00000000	true	0
22	15	176	120	183	127	#00000000	#00000000	true	0
23	15	184	120	191	127	#00000000	#00000000	true	0
0	16	0	128	7	135	#00000000	#00000000	true	0
1	16	8	128	15	135	#00000000	#00000000	true	0
2	16	16	128	23	135	#00000000	#00000000	true	0
3	16	24	128	31	135	#00000000	#00000000	true	0
4	16	32	128	39	135	#00000000	#00000000	true	0
5	16	40	128	47	135	#00000000	#00000000	true	0
6	16	48	128	55	135	#2A3340FF	#2A3340FF	true	0
7	16	56	128	63	135	#F4F2E8FF	#F4F2E8FF	true	0
8	16	64	128	71	135	#F4F2E8FF	#F4F2E8FF	true	0
9	16	72	128	79	135	#F4F2E8FF	#F4F2E8FF	true	0
10	16	80	128	87	135	#F4F2E8FF	#F4F2E8FF	true	0
11	16	88	128	95	135	#F4F2E8FF	#F4F2E8FF	true	0
12	16	96	128	103	135	#F4F2E8FF	#F4F2E8FF	true	0
13	16	104	128	111	135	#F4F2E8FF	#F4F2E8FF	true	0
14	16	112	128	119	135	#F4F2E8FF	#F4F2E8FF	true	0
15	16	120	128	127	135	#F4F2E8FF	#F4F2E8FF	true	0
16	16	128	128	135	135	#F4F2E8FF	#F4F2E8FF	true	0
17	16	136	128	143	135	#F4F2E8FF	#F4F2E8FF	true	0
18	16	144	128	151	135	#CDD2D8FF	#CDD2D8FF	true	0
19	16	152	128	159	135	#00000000	#00000000	true	0
20	16	160	128	167	135	#00000000	#00000000	true	0
21	16	168	128	175	135	#00000000	#00000000	true	0
22	16	176	128	183	135	#00000000	#00000000	true	0
23	16	184	128	191	135	#00000000	#00000000	true	0
0	17	0	136	7	143	#00000000	#00000000	true	0
1	17	8	136	15	143	#00000000	#00000000	true	0
2	17	16	136	23	143	#00000000	#00000000	true	0
3	17	24	136	31	143	#00000000	#00000000	true	0
4	17	32	136	39	143	#00000000	#00000000	true	0
5	17	40	136	47	143	#2A3340FF	#2A3340FF	true	0
6	17	48	136	55	143	#F4F2E8FF	#F4F2E8FF	true	0
7	17	56	136	63	143	#F4F2E8FF	#F4F2E8FF	true	0
8	17	64	136	71	143	#F4F2E8FF	#F4F2E8FF	true	0
9	17	72	136	79	143	#F4F2E8FF	#F4F2E8FF	true	0
10	17	80	136	87	143	#F4F2E8FF	#F4F2E8FF	true	0
11	17	88	136	95	143	#F4F2E8FF	#F4F2E8FF	true	0
12	17	96	136	103	143	#F4F2E8FF	#F4F2E8FF	true	0
13	17	104	136	111	143	#F4F2E8FF	#F4F2E8FF	true	0
14	17	112	136	119	143	#F4F2E8FF	#F4F2E8FF	true	0
15	17	120	136	127	143	#F4F2E8FF	#F4F2E8FF	true	0
16	17	128	136	135	143	#F4F2E8FF	#F4F2E8FF	true	0
17	17	136	136	143	143	#F4F2E8FF	#F4F2E8FF	true	0
18	17	144	136	151	143	#CDD2D8FF	#CDD2D8FF	true	0
19	17	152	136	159	143	#2A3340FF	#2A3340FF	true	0
20	17	160	136	167	143	#00000000	#00000000	true	0
21	17	168	136	175	143	#00000000	#00000000	true	0
22	17	176	136	183	143	#00000000	#00000000	true	0
23	17	184	136	191	143	#00000000	#00000000	true	0
0	18	0	144	7	151	#00000000	#00000000	true	0
1	18	8	144	15	151	#00000000	#00000000	true	0
2	18	16	144	23	151	#00000000	#00000000	true	0
3	18	24	144	31	151	#00000000	#00000000	true	0
4	18	32	144	39	151	#00000000	#00000000	true	0
5	18	40	144	47	151	#2A3340FF	#2A3340FF	true	0
6	18	48	144	55	151	#F4F2E8FF	#F4F2E8FF	true	0
7	18	56	144	63	151	#F4F2E8FF	#F4F2E8FF	true	0
8	18	64	144	71	151	#F4F2E8FF	#F4F2E8FF	true	0
9	18	72	144	79	151	#F4F2E8FF	#F4F2E8FF	true	0
10	18	80	144	87	151	#F4F2E8FF	#F4F2E8FF	true	0
11	18	88	144	95	151	#F4F2E8FF	#F4F2E8FF	true	0
12	18	96	144	103	151	#F4F2E8FF	#F4F2E8FF	true	0
13	18	104	144	111	151	#F4F2E8FF	#F4F2E8FF	true	0
14	18	112	144	119	151	#F4F2E8FF	#F4F2E8FF	true	0
15	18	120	144	127	151	#F4F2E8FF	#F4F2E8FF	true	0
16	18	128	144	135	151	#F4F2E8FF	#F4F2E8FF	true	0
17	18	136	144	143	151	#F4F2E8FF	#F4F2E8FF	true	0
18	18	144	144	151	151	#F4F2E8FF	#F4F2E8FF	true	0
19	18	152	144	159	151	#CDD2D8FF	#CDD2D8FF	true	0
20	18	160	144	167	151	#00000000	#00000000	true	0
21	18	168	144	175	151	#00000000	#00000000	true	0
22	18	176	144	183	151	#00000000	#00000000	true	0
23	18	184	144	191	151	#00000000	#00000000	true	0
0	19	0	152	7	159	#00000000	#00000000	true	0
1	19	8	152	15	159	#00000000	#00000000	true	0
2	19	16	152	23	159	#00000000	#00000000	true	0
3	19	24	152	31	159	#00000000	#00000000	true	0
4	19	32	152	39	159	#00000000	#00000000	true	0
5	19	40	152	47	159	#2A3340FF	#2A3340FF	true	0
6	19	48	152	55	159	#F4F2E8FF	#F4F2E8FF	true	0
7	19	56	152	63	159	#F4F2E8FF	#F4F2E8FF	true	0
8	19	64	152	71	159	#F4F2E8FF	#F4F2E8FF	true	0
9	19	72	152	79	159	#F4F2E8FF	#F4F2E8FF	true	0
10	19	80	152	87	159	#F4F2E8FF	#F4F2E8FF	true	0
11	19	88	152	95	159	#F4F2E8FF	#F4F2E8FF	true	0
12	19	96	152	103	159	#F4F2E8FF	#F4F2E8FF	true	0
13	19	104	152	111	159	#F4F2E8FF	#F4F2E8FF	true	0
14	19	112	152	119	159	#CDD2D8FF	#CDD2D8FF	true	0
15	19	120	152	127	159	#F4F2E8FF	#F4F2E8FF	true	0
16	19	128	152	135	159	#F4F2E8FF	#F4F2E8FF	true	0
17	19	136	152	143	159	#00000000	#00000000	true	0
18	19	144	152	151	159	#F4F2E8FF	#F4F2E8FF	true	0
19	19	152	152	159	159	#CDD2D8FF	#CDD2D8FF	true	0
20	19	160	152	167	159	#00000000	#00000000	true	0
21	19	168	152	175	159	#00000000	#00000000	true	0
22	19	176	152	183	159	#00000000	#00000000	true	0
23	19	184	152	191	159	#00000000	#00000000	true	0
0	20	0	160	7	167	#00000000	#00000000	true	0
1	20	8	160	15	167	#2A3340FF	#2A3340FF	true	0
2	20	16	160	23	167	#2A3340FF	#2A3340FF	true	0
3	20	24	160	31	167	#00000000	#00000000	true	0
4	20	32	160	39	167	#00000000	#00000000	true	0
5	20	40	160	47	167	#2A3340FF	#2A3340FF	true	0
6	20	48	160	55	167	#F4F2E8FF	#F4F2E8FF	true	0
7	20	56	160	63	167	#F4F2E8FF	#F4F2E8FF	true	0
8	20	64	160	71	167	#F4F2E8FF	#F4F2E8FF	true	0
9	20	72	160	79	167	#F4F2E8FF	#F4F2E8FF	true	0
10	20	80	160	87	167	#F4F2E8FF	#F4F2E8FF	true	0
11	20	88	160	95	167	#F4F2E8FF	#F4F2E8FF	true	0
12	20	96	160	103	167	#F4F2E8FF	#F4F2E8FF	true	0
13	20	104	160	111	167	#F4F2E8FF	#F4F2E8FF	true	0
14	20	112	160	119	167	#CDD2D8FF	#CDD2D8FF	true	0
15	20	120	160	127	167	#F4F2E8FF	#F4F2E8FF	true	0
16	20	128	160	135	167	#F4F2E8FF	#F4F2E8FF	true	0
17	20	136	160	143	167	#2A3340FF	#2A3340FF	true	0
18	20	144	160	151	167	#F4F2E8FF	#F4F2E8FF	true	0
19	20	152	160	159	167	#CDD2D8FF	#CDD2D8FF	true	0
20	20	160	160	167	167	#00000000	#00000000	true	0
21	20	168	160	175	167	#00000000	#00000000	true	0
22	20	176	160	183	167	#00000000	#00000000	true	0
23	20	184	160	191	167	#00000000	#00000000	true	0
0	21	0	168	7	175	#2A3340FF	#2A3340FF	true	0
1	21	8	168	15	175	#F4F2E8FF	#F4F2E8FF	true	0
2	21	16	168	23	175	#F4F2E8FF	#F4F2E8FF	true	0
3	21	24	168	31	175	#2A3340FF	#2A3340FF	true	0
4	21	32	168	39	175	#00000000	#00000000	true	0
5	21	40	168	47	175	#2A3340FF	#2A3340FF	true	0
6	21	48	168	55	175	#F4F2E8FF	#F4F2E8FF	true	0
7	21	56	168	63	175	#F4F2E8FF	#F4F2E8FF	true	0
8	21	64	168	71	175	#F4F2E8FF	#F4F2E8FF	true	0
9	21	72	168	79	175	#F4F2E8FF	#F4F2E8FF	true	0
10	21	80	168	87	175	#F4F2E8FF	#F4F2E8FF	true	0
11	21	88	168	95	175	#F4F2E8FF	#F4F2E8FF	true	0
12	21	96	168	103	175	#F4F2E8FF	#F4F2E8FF	true	0
13	21	104	168	111	175	#CDD2D8FF	#CDD2D8FF	true	0
14	21	112	168	119	175	#CDD2D8FF	#CDD2D8FF	true	0
15	21	120	168	127	175	#F4F2E8FF	#F4F2E8FF	true	0
16	21	128	168	135	175	#F4F2E8FF	#F4F2E8FF	true	0
17	21	136	168	143	175	#2A3340FF	#2A3340FF	true	0
18	21	144	168	151	175	#F4F2E8FF	#F4F2E8FF	true	0
19	21	152	168	159	175	#CDD2D8FF	#CDD2D8FF	true	0
20	21	160	168	167	175	#00000000	#00000000	true	0
21	21	168	168	175	175	#00000000	#00000000	true	0
22	21	176	168	183	175	#00000000	#00000000	true	0
23	21	184	168	191	175	#00000000	#00000000	true	0
0	22	0	176	7	183	#2A3340FF	#2A3340FF	true	0
1	22	8	176	15	183	#F4F2E8FF	#F4F2E8FF	true	0
2	22	16	176	23	183	#F4F2E8FF	#F4F2E8FF	true	0
3	22	24	176	31	183	#F4F2E8FF	#F4F2E8FF	true	0
4	22	32	176	39	183	#F4F2E8FF	#F4F2E8FF	true	0
5	22	40	176	47	183	#F4F2E8FF	#F4F2E8FF	true	0
6	22	48	176	55	183	#F4F2E8FF	#F4F2E8FF	true	0
7	22	56	176	63	183	#F4F2E8FF	#F4F2E8FF	true	0
8	22	64	176	71	183	#F4F2E8FF	#F4F2E8FF	true	0
9	22	72	176	79	183	#F4F2E8FF	#F4F2E8FF	true	0
10	22	80	176	87	183	#F4F2E8FF	#F4F2E8FF	true	0
11	22	88	176	95	183	#F4F2E8FF	#F4F2E8FF	true	0
12	22	96	176	103	183	#CDD2D8FF	#CDD2D8FF	true	0
13	22	104	176	111	183	#CDD2D8FF	#CDD2D8FF	true	0
14	22	112	176	119	183	#CDD2D8FF	#CDD2D8FF	true	0
15	22	120	176	127	183	#F4F2E8FF	#F4F2E8FF	true	0
16	22	128	176	135	183	#F4F2E8FF	#F4F2E8FF	true	0
17	22	136	176	143	183	#2A3340FF	#2A3340FF	true	0
18	22	144	176	151	183	#CDD2D8FF	#CDD2D8FF	true	0
19	22	152	176	159	183	#F4F2E8FF	#F4F2E8FF	true	0
20	22	160	176	167	183	#2A3340FF	#2A3340FF	true	0
21	22	168	176	175	183	#00000000	#00000000	true	0
22	22	176	176	183	183	#00000000	#00000000	true	0
23	22	184	176	191	183	#00000000	#00000000	true	0
0	23	0	184	7	191	#00000000	#00000000	true	0
1	23	8	184	15	191	#00000000	#00000000	true	0
2	23	16	184	23	191	#CDD2D8FF	#CDD2D8FF	true	0
3	23	24	184	31	191	#F4F2E8FF	#F4F2E8FF	true	0
4	23	32	184	39	191	#F4F2E8FF	#F4F2E8FF	true	0
5	23	40	184	47	191	#CDD2D8FF	#CDD2D8FF	true	0
6	23	48	184	55	191	#2A3340FF	#2A3340FF	true	0
7	23	56	184	63	191	#F4F2E8FF	#F4F2E8FF	true	0
8	23	64	184	71	191	#F4F2E8FF	#F4F2E8FF	true	0
9	23	72	184	79	191	#F4F2E8FF	#F4F2E8FF	true	0
10	23	80	184	87	191	#F4F2E8FF	#F4F2E8FF	true	0
11	23	88	184	95	191	#F4F2E8FF	#F4F2E8FF	true	0
12	23	96	184	103	191	#F4F2E8FF	#F4F2E8FF	true	0
13	23	104	184	111	191	#F4F2E8FF	#F4F2E8FF	true	0
14	23	112	184	119	191	#2A3340FF	#2A3340FF	true	0
15	23	120	184	127	191	#F4F2E8FF	#F4F2E8FF	true	0
16	23	128	184	135	191	#F4F2E8FF	#F4F2E8FF	true	0
17	23	136	184	143	191	#CDD2D8FF	#CDD2D8FF	true	0
18	23	144	184	151	191	#CDD2D8FF	#CDD2D8FF	true	0
19	23	152	184	159	191	#F4F2E8FF	#F4F2E8FF	true	0
20	23	160	184	167	191	#F4F2E8FF	#F4F2E8FF	true	0
21	23	168	184	175	191	#2A3340FF	#2A3340FF	true	0
22	23	176	184	183	191	#00000000	#00000000	true	0
23	23	184	184	191	191	#00000000	#00000000	true	0
0	24	0	192	7	199	#00000000	#00000000	true	0
1	24	8	192	15	199	#00000000	#00000000	true	0
2	24	16	192	23	199	#00000000	#00000000	true	0
3	24	24	192	31	199	#00000000	#00000000	true	0
4	24	32	192	39	199	#00000000	#00000000	true	0
5	24	40	192	47	199	#00000000	#00000000	true	0
6	24	48	192	55	199	#00000000	#00000000	true	0
7	24	56	192	63	199	#2A3340FF	#2A3340FF	true	0
8	24	64	192	71	199	#2A3340FF	#2A3340FF	true	0
9	24	72	192	79	199	#2A3340FF	#2A3340FF	true	0
10	24	80	192	87	199	#2A3340FF	#2A3340FF	true	0
11	24	88	192	95	199	#2A3340FF	#2A3340FF	true	0
12	24	96	192	103	199	#2A3340FF	#2A3340FF	true	0
13	24	104	192	111	199	#2A3340FF	#2A3340FF	true	0
14	24	112	192	119	199	#2A3340FF	#2A3340FF	true	0
15	24	120	192	127	199	#2A3340FF	#2A3340FF	true	0
16	24	128	192	135	199	#2A3340FF	#2A3340FF	true	0
17	24	136	192	143	199	#2A3340FF	#2A3340FF	true	0
18	24	144	192	151	199	#2A3340FF	#2A3340FF	true	0
19	24	152	192	159	199	#2A3340FF	#2A3340FF	true	0
20	24	160	192	167	199	#2A3340FF	#2A3340FF	true	0
21	24	168	192	175	199	#00000000	#00000000	true	0
22	24	176	192	183	199	#00000000	#00000000	true	0
23	24	184	192	191	199	#00000000	#00000000	true	0
0	25	0	200	7	207	#00000000	#00000000	true	0
1	25	8	200	15	207	#00000000	#00000000	true	0
2	25	16	200	23	207	#00000000	#00000000	true	0
3	25	24	200	31	207	#00000000	#00000000	true	0
4	25	32	200	39	207	#00000000	#00000000	true	0
5	25	40	200	47	207	#00000000	#00000000	true	0
6	25	48	200	55	207	#00000000	#00000000	true	0
7	25	56	200	63	207	#00000000	#00000000	true	0
8	25	64	200	71	207	#00000000	#00000000	true	0
9	25	72	200	79	207	#00000000	#00000000	true	0
10	25	80	200	87	207	#00000000	#00000000	true	0
11	25	88	200	95	207	#00000000	#00000000	true	0
12	25	96	200	103	207	#00000000	#00000000	true	0
13	25	104	200	111	207	#00000000	#00000000	true	0
14	25	112	200	119	207	#00000000	#00000000	true	0
15	25	120	200	127	207	#00000000	#00000000	true	0
16	25	128	200	135	207	#00000000	#00000000	true	0
17	25	136	200	143	207	#00000000	#00000000	true	0
18	25	144	200	151	207	#00000000	#00000000	true	0
19	25	152	200	159	207	#00000000	#00000000	true	0
20	25	160	200	167	207	#00000000	#00000000	true	0
21	25	168	200	175	207	#00000000	#00000000	true	0
22	25	176	200	183	207	#00000000	#00000000	true	0
23	25	184	200	191	207	#00000000	#00000000	true	0
